{"cameraMode":{"drawMode":0,"name":"Shaded","section":"Shading Mode"},"sceneLighting":true,"audioPlay":false,"sceneViewState":{"showFog":false,"showMaterialUpdate":true,"showSkybox":true,"showFlares":true,"showImageEffects":true,"showParticleSystems":true},"in2DMode":false,"pivot":{"x":0.9525821208953857,"y":-0.07586264610290528,"z":1.9020321369171143},"rotation":{"x":-0.20245496928691865,"y":-0.32424306869506838,"z":0.07125222682952881,"w":-0.9213043451309204},"size":10.762228012084961,"orthographic":false}