{"cameraMode":{"drawMode":0,"name":"Shaded","section":"Shading Mode"},"sceneLighting":true,"audioPlay":false,"sceneViewState":{"showFog":false,"showMaterialUpdate":true,"showSkybox":true,"showFlares":true,"showImageEffects":true,"showParticleSystems":true},"in2DMode":false,"pivot":{"x":-3.0482640266418459,"y":3.341654062271118,"z":2.557525634765625},"rotation":{"x":-0.022637417539954187,"y":-0.36421144008636477,"z":0.008856555446982384,"w":-0.9309990406036377},"size":6.173649787902832,"orthographic":false}